{
	"app": {
		"name": "Actor"
	},

	"language": {

		"code": "Ru",

		"format": {
			"time": {
				"yesterday":{
					"short": "Вчера",
					"full": "Вчера"
				},
				"now": "Сейчас",
				"minutes": {
					"short": "{minutes} мин.",
					"full": "{minutes} минут"
				},
				"hours": {
					"short": "{hours} ч.",
					"full": "{hours} часов"
				}
			}
		},

		"file_size": {
			"bytes": "{bytes} б",
			"kbytes": "{kbytes} кб",
			"mbytes": "{mbytes} мб",
			"gbytes": "{gbytes} гб"
		},

		"referencing": {
			"you": "Вы",
			"thee": "Вас"
		},

		"sequence": {
			"or": ", ",
			"and": " и "
		}
	},

	"groups": {
		"members": {
		  "other": "{count} участников",
			"one": "{count} участник",
			"few": "{count} участника",
		  "many": "{count} участников"
		}
	},

	"presence": {
		"online": "в сети",
		"offline": "не в сети",
		"now": {
			"male": "был только что",
			"female": "была только что",
		  "other": "был(а) только что"
		},
		"today": {
			"male": "был сегодня в {time}",
			"female": "была сегодня в {time}",
		  "other": "был(а) сегодня в {time}"
		},
		"yesterday": {
			"male": "был вчера в {time}",
			"female": "была вчера в {time}",
		  "other": "был(а) вчера в {time}"
		},
		"at_day": { 
			"male": "был {date}",
			"female": "была {date}",
		  "other": "был(а) {date}"
		},
		"at_day_time": { 
			"male": "был {date} в {time}",
			"female": "была {date} в {time}",
		  "other": "был(а) {date} в {time}"
		},
		"members": "{count} в сети"
	},

	"typing": {
		"simple": "печатает...",
		"user": "{user} печатает...",
		"group": {
			"sequenced": "{users} печатают...",
		  "one": "{count} печатает...",
		  "few": "{count} печатают...",
		  "many": "{count} печатает...",
		  "other": "{count} печатает..."
		}
	},

	"content": {

		"unknown": "Неподдерживаемое сообщение",
		"document": "Документ",
		"photo": "Фото",
		"video": "Видео",
		"audio": "Аудио",
		"contact": "Контакт",
		"location": "Расположение",
		"sticker": "Стикер",

		"service": {
			"registered": {
				"full": {
				  "you": "{name} зарегистрировались в {app_name}",
					"male": "{name} зарегистрировался в {app_name}",
					"female": "{name} зарегистрировалась в {app_name}",
				  "other": "{name} зарегистрировался(ась) в {app_name}"
				},
				"compact": {
				  "you": "Вы зарегистрироваись в {app_name}",
					"male": "Зарегистрировался в {app_name}",
					"female": "Зарегистрировалась в {app_name}",
				  "other": "Зарегистрировался(ась) в {app_name}"
				}
			},
			"groups": {
				"created": { 
					"you": "{name} создали группу",
					"male": "{name} создал группу",
					"female": "{name} создала группу",
				  "other": "{name} создал(-а) группу"
				},
				"invited": { 
					"you": "{name} пригласили {name_added}",
					"male": "{name} пригласил {name_added}",
					"female": "{name} пригласила {name_added}",
				  "other": "{name} пригласил(-а) {name_added}"
				},
				"joined": {
					"you": "{name} вошли в группу",
					"male": "{name} вошел в группу",
					"female": "{name} вошла в группу",
				  "other": "{name} вошел(-шла) в группу"
				},
				"kicked": { 
					"you": "{name} исключили {name_kicked}",
					"male": "{name} исключил {name_kicked}",
					"female": "{name} исключила {name_kicked}",
				  "other": "{name} исключил(-а) {name_kicked}"
				},
				"left": { 
					"you": "{name} покинули группу",
					"male": "{name} покинул группу",
					"female": "{name} покинула группу",
				  "other": "{name} покинул(-а) группу"
				},
				"title_changed": {
					"full":  {
						"you": "{name} изменили название группы на \"{title}\"",
						"male": "{name} изменил название группы на \"{title}\"",
						"female": "{name} изменила название группы на \"{title}\"",
					  "other": "{name} изменил(-а) название группы на \"{title}\""
					}, 
					"compact": {
						"you": "{name} изменили название группы",
						"male": "{name} изменил название группы",
						"female": "{name} изменила название группы",
					  "other": "{name} изменил(-а) название группы"
					}
				},
				"topic_changed": {
					"full":  {
						"you": "{name} изменили тему группы на \"{title}\"",
						"male": "{name} изменил тему группы на \"{title}\"",
						"female": "{name} изменила тему группы на \"{title}\"",
					  "other": "{name} изменил(-а) тему группы на \"{title}\""
					}, 
					"compact": {
						"you": "{name} изменили тему группы",
						"male": "{name} изменил тему группы",
						"female": "{name} изменила тему группы",
					  "other": "{name} изменил(-а) тему группы"
					}
				},
				"about_changed": {
					"full":  {
						"you": "{name} изменили описание группы на \"{title}\"",
						"male": "{name} изменил описание группы на \"{title}\"",
						"female": "{name} изменила описание группы на \"{title}\"",
					  "other": "{name} изменил(-а) описание группы на \"{title}\""
					}, 
					"compact": {
						"you": "{name} изменили описание группы",
						"male": "{name} изменил описание группы",
						"female": "{name} изменила описание группы",
					  "other": "{name} изменил(-а) описание группы"
					}
				},
				"avatar_changed": {
						"you": "{name} изменили фото группы",
						"male": "{name} изменил фото группы",
						"female": "{name} изменила фото группы",
				  "other": "{name} изменил(-а) фото группы"
				},
				"avatar_removed": {
						"you": "{name} удалили фото группы",
						"male": "{name} удалил фото группы",
						"female": "{name} удалила фото группы",
				  "other": "{name} удалил(-а) фото группы"
				}
			},
			"channels": {
				"created": "Создан канал",
				"invited": {
					"you": "{name} пригласили {name_added}",
					"male": "{name} пригласил {name_added}",
					"female": "{name} пригласила {name_added}",
					"other": "{name} пригласил(-а) {name_added}"
				},
				"joined": {
					"you": "{name} вошли в канал",
					"male": "{name} вошел в канал",
					"female": "{name} вошла в канал",
					"other": "{name} вошел(-шла) в канал"
				},
				"kicked": {
					"you": "{name} исключили {name_kicked}",
					"male": "{name} исключил {name_kicked}",
					"female": "{name} исключила {name_kicked}",
					"other": "{name} исключил(-а) {name_kicked}"
				},
				"left": {
					"you": "{name} покинули канал",
					"male": "{name} покинул канал",
					"female": "{name} покинула канал",
					"other": "{name} покинул(-а) канал"
				},
				"title_changed": {
					"full":  {
						"you": "{name} изменили название канала на \"{title}\"",
						"male": "{name} изменил название канала на \"{title}\"",
						"female": "{name} изменила название канала на \"{title}\"",
						"other": "{name} изменил(-а) название канала на \"{title}\""
					},
					"compact": {
						"you": "{name} изменили название канала",
						"male": "{name} изменил название канала",
						"female": "{name} изменила название канала",
						"other": "{name} изменил(-а) название канала"
					}
				},
				"topic_changed": {
					"full":  {
						"you": "{name} изменили тему канала на \"{title}\"",
						"male": "{name} изменил тему канала на \"{title}\"",
						"female": "{name} изменила тему канала на \"{title}\"",
						"other": "{name} изменил(-а) тему канала на \"{title}\""
					},
					"compact": {
						"you": "{name} изменили тему канала",
						"male": "{name} изменил тему канала",
						"female": "{name} изменила тему канала",
						"other": "{name} изменил(-а) тему канала"
					}
				},
				"about_changed": {
					"full":  {
						"you": "{name} изменили описание канала на \"{title}\"",
						"male": "{name} изменил описание канала на \"{title}\"",
						"female": "{name} изменила описание канала на \"{title}\"",
						"other": "{name} изменил(-а) описание канала на \"{title}\""
					},
					"compact": {
						"you": "{name} изменили канала канала",
						"male": "{name} изменил описание канала",
						"female": "{name} изменила описание канала",
						"other": "{name} изменил(-а) описание канала"
					}
				},
				"avatar_changed": {
					"you": "{name} изменили фото канала",
					"male": "{name} изменил фото канала",
					"female": "{name} изменила фото канала",
					"other": "{name} изменил(-а) фото канала"
				},
				"avatar_removed": {
					"you": "{name} удалили фото канала",
					"male": "{name} удалил фото канала",
					"female": "{name} удалила фото канала",
					"other": "{name} удалил(-а) фото канала"
				}
			},
			"calls": {
				"missed": "Пропущен вызов",
				"ended": "Вызов завершен"
			}
		}
	},

	"errors": {
		"unknown": "Неизвестная ошибка. Пожалуйста, попробуйте еще раз.",
		"internal": "Внутренняя ошибка сервера. Пожалуйста, попробуйте ещё раз.",
		"phone": {
			"empty": "Пожалуйста, введите свой номер телефона.",
			"incorrect": "Введён некорректный номер телефона. Пожалуйста, попробуйте ещё раз."
		},
		"code": {
			"empty": "Пожалуйста, введите код подтверждения.",
			"incorrect": "Введён некорректный код. Пожалуйста, попробуйте ещё раз.",
			"expired": "Срок действия кода истёк. Пожалуйста, авторизуйтесь заново."
		},
		"groups": {
			"already_joined": "Вы уже вступили в эту группу.",
			"unable_to_join": "Невозможно присоединиться к группе."
		}
	},

	"months": {
		"january": { 
			"compact": "янв",
			"full":"январь"
		},
		"february": { 
			"compact": "фев",
			"full":"февраль"
		},
		"march": { 
			"compact": "мар",
			"full":"март"
		},
		"april": { 
			"compact": "апр",
			"full":"апрель"
		},
		"may": { 
			"compact": "май",
			"full":"май"
		},
		"june": { 
			"compact": "июн",
			"full":"июнь"
		},
		"july": { 
			"compact": "июл",
			"full":"июль"
		},
		"august": { 
			"compact": "авг",
			"full":"август"
		},
		"september": { 
			"compact": "сен",
			"full":"сентябрь"
		},
		"october": { 
			"compact": "окт",
			"full":"октябрь"
		},
		"november": { 
			"compact": "ноя",
			"full":"ноябрь"
		},
		"december": { 
			"compact": "дек",
			"full":"декабрь"
		}
	}
}